timestamp,open,high,low,close,adjusted_close,volume,dividend_amount,split_coefficient
02-01-2026,139.6,140.6147,137.74,139.56,138.7293743,20071885,0,1
03-01-2026,138.6,141.09,138.43,140.36,139.5246129,18974308,0,1
04-01-2026,139.85,140.635,138.01,138.04,137.218421,18253331,0,1
05-01-2026,138.352,138.81,136.85,137.39,136.5722896,15140136,0,1
08-01-2026,138,140.64,137.88,140.53,139.6936011,17645293,0,1
09-01-2026,140.06,142.7998,139.79,142.56,141.7115191,19579667,0,1
10-01-2026,142.52,144.525,142.46,143.8,142.9441389,16641881,0,1
11-01-2026,144.895,146.66,142.215,143.67,142.8149126,17471130,0,1
12-01-2026,144.34,144.74,143.36,144.24,143.3815201,13998729,0,1
16-01-2026,143.43,145.84,143.0564,144.08,143.2224724,19198939,0,1
17-01-2026,142.91,143.41,140.51,142.89,142.039555,17884548,0,1
18-01-2026,143.44,145.585,143.35,144.99,144.1270563,18876800,0,1
19-01-2026,146.305,148.04,145.8,147.97,147.0893201,27181032,0,1
22-01-2026,148.71,150.015,147.58,147.71,146.8308676,21829232,0,1
23-01-2026,147.72,148.86,147.19,148.68,147.7950944,14113649,0,1
24-01-2026,150.29,151.57,149.84,150.35,149.455155,18892741,0,1
25-01-2026,151.74,154.76,151.22,153.64,152.7255737,21495120,0,1
26-01-2026,152.87,154.11,152.8,153.79,152.874681,19494488,0,1
29-01-2026,153.64,155.2,152.92,154.84,153.9184316,20909258,0,1
30-01-2026,154.01,155.04,152.775,153.05,152.1390853,26578934,0,1
31-01-2026,145.39,145.59,141.55,141.8,140.9560424,43908584,0,1
01-02-2026,143.69,144.62,142.26,142.71,141.8606263,25526855,0,1
02-02-2026,140.89,143.88,138.17,143.54,142.6856864,42136127,0,1
05-02-2026,144.04,146.67,143.91,144.93,144.0674134,29254444,0,1
06-02-2026,145.96,146.74,144.52,145.41,144.5445566,21517655,0,1
07-02-2026,146.12,147,145.2103,146.68,145.8069979,21436126,0,1
08-02-2026,146.97,147.61,146.42,147.22,146.3437839,18241319,0,1
09-02-2026,147.95,150.695,147.43,150.22,149.3259287,21877693,0,1
12-02-2026,149.54,150.59,148.56,148.73,147.8447968,17236108,0,1
13-02-2026,146.07,148.04,145.11,146.37,145.4988429,18138482,0,1
14-02-2026,147.37,147.83,145.555,147.14,146.2642601,16651824,0,1
15-02-2026,144.46,144.76,141.88,143.94,143.0833057,26724305,0,1
16-02-2026,144.21,144.48,141.52,141.76,140.9162805,21865118,0,1
20-02-2026,140.94,143.3285,140.8,142.2,141.3536617,18625589,0,1
21-02-2026,142.64,143.98,141.91,143.84,142.9839008,16499584,0,1
22-02-2026,146.12,146.2,144.01,145.32,144.4550923,23024707,0,1
23-02-2026,144.97,145.955,144.79,145.29,144.4252708,14519434,0,1
26-02-2026,143.45,143.84,138.74,138.75,137.9241952,33513011,0,1
27-02-2026,139.41,140.49,138.5,140.1,139.2661604,22363981,0,1
28-02-2026,139.1,139.28,136.64,137.43,136.6120515,30628702,0,1
01-03-2026,139.61,140,137.975,138.08,137.2581829,28551525,0,1
04-03-2026,136.54,136.63,132.86,134.2,133.4012757,43571510,0,1
05-03-2026,132.74,134.02,131.55,133.78,132.9837754,28447550,0,1
06-03-2026,134.24,134.74,131.95,132.56,131.7710365,23175200,0,1
07-03-2026,133.89,135.82,132.66,135.24,134.4350859,24107282,0,1
08-03-2026,135.035,138.985,134.8,136.29,135.4788365,26495160,0,1
11-03-2026,137.07,139.98,137.07,138.94,138.1130644,22462576,0,1
12-03-2026,138.25,140.28,138.21,139.62,138.7890172,18951920,0,1
13-03-2026,140.06,142.19,140.01,140.77,139.9321727,19589151,0,1
14-03-2026,142.3,144.73,141.485,144.34,143.480925,35991108,0,1
15-03-2026,143.41,144.34,141.1301,142.17,141.3238403,41039494,0,1
18-03-2026,149.37,152.93,148.14,148.48,147.5962847,47676689,0,1
19-03-2026,148.98,149.62,147.01,147.92,147.0396177,17748367,0,1
20-03-2026,148.79,149.76,147.665,149.68,148.7891426,17729996,0,1
21-03-2026,150.32,151.305,148.0101,148.74,147.8547373,19843915,0,1
22-03-2026,150.24,152.56,150.09,151.77,150.8667035,19252925,0,1
25-03-2026,150.95,151.456,148.8,151.15,150.2503936,15114728,0,1
26-03-2026,151.24,153.2,151.03,151.7,150.7971201,19312694,0,1
27-03-2026,152.145,152.69,150.13,151.94,151.0356917,16621964,0,1
28-03-2026,152,152.67,151.33,152.26,151.3537871,21105628,0,1
01-04-2026,151.83,157,151.65,156.5,155.5685517,24416137,0,1
02-04-2026,154.75,155.99,153.46,155.87,154.9423013,17549140,0,1
03-04-2026,154.92,156.55,154.1321,156.37,155.4393255,16984168,0,1
04-04-2026,155.08,156.18,151.88,151.94,151.0356917,23901697,0,1
05-04-2026,151.68,154.84,151.081,153.94,153.0237882,16212049,0,1
08-04-2026,154.015,156.655,153.99,156.14,155.2106944,16280924,0,1
09-04-2026,157.35,159.89,156.64,158.14,157.1987909,21435146,0,1
10-04-2026,157.88,158.16,156.2,157.66,156.7216477,16339174,0,1
11-04-2026,158.34,161.1199,157.93,160.79,159.8330188,17841703,0,1
12-04-2026,159.405,161.7,158.6,159.19,158.2425415,16989765,0,1
15-04-2026,160.28,160.83,156.15,156.33,155.3995635,21140948,0,1
16-04-2026,155.64,157.23,155.05,156,155.0715276,15413201,0,1
17-04-2026,157.19,158.681,156.135,156.88,155.9462901,16237752,0,1
18-04-2026,156.925,158.485,156.21,157.46,156.5228381,14016065,0,1
19-04-2026,157.75,157.99,153.91,155.72,154.7931941,21479881,0,1
22-04-2026,156.01,159.185,155.66,157.95,157.0099217,17243870,0,1
23-04-2026,158.59,160.48,157.965,159.92,158.9681968,16115408,0,1
24-04-2026,159.09,161.39,158.82,161.1,160.1411737,19485694,0,1
25-04-2026,153.36,158.28,152.768,157.95,157.0099217,36197789,0,1
26-04-2026,175.99,176.42,171.4,173.69,172.6562412,56500787,0,1
29-04-2026,170.77,171.38,167.06,167.9,166.9007018,35914561,0,1
30-04-2026,167.38,169.87,164.5,164.64,163.6601045,29420755,0,1
01-05-2026,166.18,168.81,164.9,165.57,164.5845694,25223245,0,1
02-05-2026,166.67,168.53,165.69,168.46,167.4573689,17041119,0,1
03-05-2026,169.54,169.85,164.98,168.99,167.9842144,22767056,0,1
06-05-2026,169.22,169.9,167.89,169.83,168.819215,15147906,0,1
07-05-2026,170.12,173.47,170,172.98,171.950467,21102434,0,1
08-05-2026,170.75,171.9092,170.522,171.16,170.1412991,14569858,0,1
09-05-2026,171.15,172.44,169.93,171.58,170.5587994,11937704,0,1
10-05-2026,169.69,171.34,167.91,170.29,169.2764772,18740458,0,1
13-05-2026,165.847,170.95,165.76,170.9,169.8828466,19648585,0,1
14-05-2026,171.59,172.78,170.42,171.93,170.9067163,18729463,0,1
15-05-2026,172.3,174.0459,172.03,173.88,172.8451104,20958245,0,1
16-05-2026,174.6,176.34,174.05,175.43,174.3858852,17247311,0,1
17-05-2026,175.55,177.495,174.98,177.29,176.2348149,16546353,0,1
20-05-2026,177.31,179.95,177.225,178.46,177.3978514,17495122,0,1
21-05-2026,178.4,179.82,177.31,179.54,178.4714235,14706021,0,1
22-05-2026,178.4,178.852,176.7801,178,176.9405892,16189404,0,1
23-05-2026,178.78,179.91,174.54,175.06,174.0180873,14928363,0,1
24-05-2026,176.52,177.3044,175.2,176.33,175.2805286,11403560,0,1
28-05-2026,175.74,178.51,175.68,178.02,176.9604702,15655340,0,1
29-05-2026,176.81,178.23,176.26,177.4,176.3441602,15023847,0,1
30-05-2026,176.69,176.69,173.23,173.56,172.527015,18844036,0,1
31-05-2026,173.4,174.42,170.97,173.96,172.9246343,28085151,0,1
03-06-2026,173.88,175.86,172.45,174.42,173.3818965,20742798,0,1
04-06-2026,174.45,175.19,173.22,175.13,174.0876707,14066602,0,1
05-06-2026,176.535,177.97,175.29,177.07,176.0161243,15233861,0,1
06-06-2026,177.43,178.71,177.21,178.35,177.2885061,14255818,0,1
07-06-2026,178.46,179.42,175.79,175.95,174.9027903,14716270,0,1
10-06-2026,176.45,178.47,174.38,176.63,175.7775527,17122247,0.2,1
11-06-2026,177.72,178.39,175.44,178.19,177.3300239,14402401,0,1
12-06-2026,179.75,182.08,177.78,179.56,178.6934121,18600421,0,1
13-06-2026,177.84,178.51,176.66,176.74,175.8870219,15956941,0,1
14-06-2026,175.852,178.73,175.852,178.37,177.5091552,12361571,0,1
17-06-2026,176.98,179.92,176.49,178.78,177.9171765,15272864,0,1
18-06-2026,178.79,178.91,175.62,176.45,175.5984215,15640257,0,1
20-06-2026,176.71,178.74,176.46,177.71,176.8523405,16753166,0,1
21-06-2026,178.49,182.5117,178.06,180.26,179.3900337,59728019,0,1
24-06-2026,181.28,182.08,180.23,180.79,179.9174759,18198282,0,1
25-06-2026,181.145,185.75,181.105,185.58,184.6843585,18917734,0,1
26-06-2026,184.2,185.93,183.99,185.37,184.475372,13375715,0,1
27-06-2026,185.645,187.5,185.45,186.86,185.958181,13025656,0,1
28-06-2026,185.72,186.58,183.325,183.42,182.534783,23032362,0,1
01-07-2026,184.48,185.34,182.73,184.49,183.599619,11815862,0,1
02-07-2026,183.47,186.95,183.06,186.61,185.7093875,12555545,0,1
03-07-2026,186.3,187.62,185.385,187.39,186.4856231,7409106,0,1
05-07-2026,187.32,192.26,187.32,191.96,191.0335675,14303361,0,1
08-07-2026,191.365,191.6791,189.32,190.48,189.5607102,12097611,0,1
09-07-2026,191.75,192.86,190.23,190.44,189.5209033,10224925,0,1
10-07-2026,190.75,193.31,190.62,192.66,191.7301892,12052906,0,1
